"PD11408_cl1","PD11408_cl2","PD11408_cl3","PD11409_cl1","PD11409_cl2","PD11409_cl3","PD11409_cl4","PD11410_cl2","PD11410_cl3","PD11410_cl4","PD11471_cl1","PD11471_cl2","PD11471_cl3","PD14393_cl1","PD14393_cl2","PD14393_cl4","PD14393_cl5","PD14394_cl1","PD14394_cl2","PD14394_cl3","PD14394_cl4","PD4007_cl2","PD4007_cl3","PD4007_cl4","PD4060_cl1","PD4060_cl2","PD4060_cl4","PD4772_cl1","PD4772_cl2","PD4772_cl3","PD4775_cl1","PD4775_cl3","PD4775_cl4","PD4775_cl5","PD4947_cl1","PD4947_cl3","PD4947_cl5","PD4947_cl6","PD4947_cl7","PD5006_cl1","PD5006_cl2","PD5006_cl4","PD5006_cl5","PD5028_cl1","PD5028_cl2","PD5028_cl5","PD5028_cl6","PD5117_cl1","PD5118_cl1","PD5118_cl2","PD5118_cl5","PD5179_cl1","PD5179_cl3","PD5179_cl5","PD5181_cl1","PD5181_cl5","PD5181_cl7","PD5637_cl1","PD5637_cl2","PD5637_cl4","PD5637_cl5","PD5637_cl6","PD5672_cl1","PD5672_cl2","PD6577_cl1","PD6577_cl2","PD6577_cl3","PD6607_cl2","PD6607_cl3","PD6607_cl6","PD6607_cl8","PD6607_cl9","PD6623_cl1","PD6623_cl4","PD6623_cl6","PD6635_cl1","PD6635_cl2","PD6635_cl3","PD6656_cl2","PD6656_cl3","PD6656_cl4","PD6656_cl5","PD6661_cl2","PD6661_cl3","PD6661_cl4","PD7272_cl1","PD7272_cl2","PD7272_cl3","PD7281_cl1","PD7281_cl3","PD7281_cl4","PD7281_cl5","PD8943_cl1","PD8943_cl2","PD8943_cl3","PD8943_cl4","PD9478_cl1","PD9478_cl3","PD9478_cl4","PD9478_cl5","PD9479_cl1","PD9479_cl2","PD9479_cl3","PD9479_cl4"
"A[C>A]A",10,15,3,1,3,3,3,22,0,5,12,6,13,5,6,2,3,21,0,7,5,9,31,4,8,3,8,1,6,10,11,4,4,4,5,20,21,6,17,12,12,3,1,5,19,8,11,8,5,17,1,3,6,7,13,8,11,13,2,1,4,6,28,0,4,3,5,12,13,4,8,8,14,8,0,1,6,3,1,1,0,1,29,9,1,6,4,0,12,13,5,6,29,3,6,3,5,15,4,0,15,5,1,4
"A[C>A]C",2,6,3,1,0,1,2,6,0,4,3,6,5,9,5,3,2,12,2,10,4,3,17,0,5,0,4,3,1,8,9,2,2,5,4,21,10,2,9,6,7,0,2,3,18,8,3,6,2,12,3,6,1,6,9,3,2,2,1,1,3,2,14,3,4,0,0,5,17,1,1,1,4,4,0,0,3,3,0,0,1,1,5,2,0,0,2,0,7,2,2,7,17,3,2,1,2,3,0,2,10,6,0,0
"A[C>A]G",1,0,0,0,1,1,1,2,1,0,0,0,3,0,0,1,0,3,2,0,1,1,10,2,0,0,2,0,1,0,1,0,0,2,0,3,5,1,2,2,2,0,0,1,2,3,2,0,0,1,0,0,0,0,0,3,2,2,0,1,1,0,2,0,0,1,0,1,2,1,1,0,3,2,0,1,0,0,0,0,0,0,0,0,0,2,0,0,1,0,0,2,4,0,0,0,0,1,0,0,3,0,0,0
"A[C>A]T",3,3,3,1,1,1,1,3,0,1,6,6,6,8,5,0,4,5,1,7,5,3,19,1,3,4,9,1,3,4,4,1,1,4,5,22,17,4,11,2,3,1,2,1,22,4,9,3,3,7,3,5,2,2,7,3,5,4,2,2,2,4,8,0,2,1,0,3,5,3,2,0,4,5,0,1,0,3,2,0,0,1,5,5,0,0,3,0,3,10,3,5,11,2,0,1,1,2,0,1,2,3,1,0
"C[C>A]A",13,9,1,1,0,4,4,10,4,2,13,6,7,9,2,1,0,22,2,2,4,10,23,2,9,3,10,1,6,8,12,3,4,5,3,19,25,3,6,4,5,4,3,3,19,8,6,7,2,14,2,6,4,4,11,12,6,6,7,2,5,9,15,1,8,2,1,15,12,3,6,2,10,11,0,0,5,3,8,0,0,1,14,14,0,2,0,1,11,8,2,5,32,1,4,1,6,7,5,3,22,3,1,2
"C[C>A]C",4,5,0,1,1,0,2,3,1,0,6,5,3,4,1,1,2,13,1,5,2,0,10,0,3,1,1,0,2,0,4,1,3,2,2,16,11,1,7,5,3,2,0,3,13,5,6,3,1,7,1,5,3,0,13,7,4,2,2,4,4,4,12,0,1,0,2,6,6,0,1,3,7,3,0,1,0,2,3,1,0,1,5,0,1,2,1,0,5,7,0,3,5,1,2,3,2,4,0,0,5,4,0,3
"C[C>A]G",2,1,1,0,0,0,0,0,0,0,2,3,2,1,1,1,0,2,1,0,0,0,14,2,1,0,4,0,0,0,2,0,0,3,2,1,1,1,0,1,1,0,0,0,1,2,0,1,0,1,0,0,0,1,2,0,2,1,0,1,2,1,4,0,0,0,0,0,4,0,0,1,2,0,0,1,0,1,1,0,0,0,1,1,0,0,0,0,2,0,1,2,5,1,0,0,0,2,0,0,1,2,1,0
"C[C>A]T",9,4,2,2,0,0,1,11,1,2,3,3,3,1,3,1,1,8,1,2,1,3,15,1,2,1,5,1,4,7,9,3,0,4,2,15,15,3,8,5,4,2,2,3,16,8,7,2,0,8,2,4,3,8,9,4,5,1,1,6,1,6,12,0,2,0,3,6,5,0,2,0,4,5,0,1,1,3,1,0,1,0,12,6,1,5,4,0,4,6,5,4,18,0,1,0,0,7,0,2,8,1,2,2
"G[C>A]A",5,4,2,1,0,4,2,5,1,2,9,2,9,6,3,2,1,18,1,6,7,3,23,0,3,2,4,1,2,9,12,0,3,3,3,22,13,6,4,10,9,2,3,4,19,4,7,4,1,14,0,5,0,4,9,6,6,4,2,3,3,1,9,0,2,0,1,9,8,3,4,3,4,4,1,1,0,2,2,1,1,1,6,4,0,1,2,0,5,4,3,7,17,3,1,2,6,5,1,3,4,6,1,2
"G[C>A]C",2,5,1,0,0,0,0,5,0,0,7,7,1,3,2,0,4,11,1,3,1,3,4,0,3,1,4,1,2,6,2,3,4,1,1,12,18,5,8,4,3,2,0,0,11,3,2,4,1,5,3,5,0,1,5,2,2,2,1,2,2,6,13,0,2,0,0,3,10,0,0,0,4,2,0,0,0,1,1,0,0,0,3,1,0,1,1,0,2,7,2,5,6,1,0,0,1,1,1,3,7,4,1,1
"G[C>A]G",0,0,0,0,0,0,0,1,0,0,1,1,0,3,3,0,0,1,0,1,1,0,2,2,0,2,0,1,0,0,3,0,1,0,1,2,1,1,3,2,0,0,1,1,0,0,0,1,2,0,2,2,1,0,4,0,0,0,0,0,1,0,3,0,0,0,0,1,1,1,0,0,2,0,0,1,0,0,0,0,0,1,2,0,0,0,1,0,1,2,0,2,1,0,0,0,1,3,0,0,0,1,0,0
"G[C>A]T",3,4,1,0,0,0,1,4,0,2,3,8,2,6,1,1,0,12,0,3,2,0,10,2,3,0,3,0,0,1,3,1,3,1,0,9,14,1,6,5,4,5,2,3,7,6,7,3,1,9,1,3,1,4,9,4,3,7,1,1,3,2,9,0,1,0,0,4,9,1,3,2,4,3,0,1,2,2,0,0,0,0,7,2,1,2,1,0,5,4,1,3,11,3,3,1,3,2,1,3,6,2,1,0
"T[C>A]A",4,5,0,1,0,1,1,4,1,0,5,3,4,5,1,5,2,8,1,7,2,2,16,3,3,1,6,1,1,2,2,1,2,3,2,14,13,3,7,2,6,3,1,2,7,2,2,7,0,1,2,2,2,2,9,2,8,10,3,3,2,2,6,0,3,1,0,5,20,1,1,0,4,9,2,0,3,4,2,0,0,1,2,3,1,3,1,0,4,6,2,5,8,1,1,3,0,4,2,2,5,4,2,2
"T[C>A]C",4,4,0,1,0,0,1,5,1,1,6,3,4,1,2,0,0,10,0,2,3,2,9,1,3,1,3,1,1,3,4,0,1,2,3,15,19,2,6,3,5,0,2,4,11,7,2,0,2,3,5,3,4,4,8,4,1,1,0,1,2,3,6,3,1,0,0,3,8,1,1,2,5,5,0,0,1,4,1,0,0,0,5,0,1,1,0,1,4,9,1,1,11,2,0,1,0,3,0,3,8,3,1,0
"T[C>A]G",0,0,0,1,0,1,0,0,0,0,1,0,0,2,3,1,0,0,1,2,2,1,10,2,1,1,1,1,0,0,2,1,0,1,2,0,1,2,3,0,2,1,0,0,2,1,2,0,0,1,0,1,1,0,1,0,0,0,1,1,0,1,2,0,2,0,0,0,3,0,1,0,0,1,0,0,0,0,0,0,0,0,2,0,0,0,0,0,0,0,0,0,4,0,0,1,0,2,0,0,0,1,0,0
"T[C>A]T",3,7,0,0,0,0,2,4,0,0,5,4,2,2,4,1,1,12,2,6,3,2,28,0,1,0,6,1,0,3,6,2,0,5,4,17,12,3,10,7,7,5,2,1,10,6,9,3,0,3,2,2,0,6,5,6,4,2,3,6,1,3,13,1,2,0,0,10,16,2,2,3,3,12,0,0,0,2,0,0,2,0,3,5,0,2,1,0,7,8,3,4,11,2,2,1,3,4,1,4,2,3,0,0
"A[C>G]A",10,7,1,1,0,2,1,9,1,9,7,5,9,10,2,1,1,10,1,2,3,5,132,37,0,3,11,1,5,7,9,1,2,5,0,9,19,5,7,6,8,1,3,5,11,7,13,4,2,12,3,4,1,4,9,7,5,5,3,5,4,4,17,0,2,1,1,10,11,1,2,0,11,15,1,0,1,4,4,3,0,0,15,10,0,3,6,1,8,7,2,5,19,1,0,0,2,8,4,3,14,4,3,1
"A[C>G]C",2,3,0,0,0,0,1,2,0,2,4,4,4,0,1,0,0,6,1,0,0,0,69,15,1,1,2,0,1,3,5,1,2,0,2,6,8,0,2,2,2,3,2,0,4,4,8,2,0,5,1,6,1,1,6,3,1,3,0,0,1,1,7,0,1,0,1,1,10,2,0,0,2,3,0,0,1,0,0,0,0,0,0,0,1,1,1,0,3,1,3,4,4,0,1,0,0,2,0,2,1,0,0,0
"A[C>G]G",3,0,0,0,0,0,0,1,0,1,1,1,0,1,0,0,0,3,0,0,1,0,48,15,0,0,1,0,1,1,1,0,1,1,0,1,3,0,0,1,2,1,0,1,0,0,2,0,0,2,0,1,1,1,0,2,5,0,0,1,1,2,2,0,1,0,2,1,0,0,1,2,1,1,0,0,0,2,1,0,1,0,1,0,0,0,0,0,2,0,0,0,3,0,1,0,1,2,0,1,1,1,0,0
"A[C>G]T",5,3,0,0,0,2,2,5,0,6,4,4,3,5,2,3,0,7,0,3,5,6,68,22,2,1,4,0,1,3,2,1,0,3,1,17,7,3,9,0,5,1,1,4,5,10,11,4,1,6,4,2,1,4,8,7,6,2,1,3,1,2,6,0,1,0,0,6,13,0,2,5,3,8,0,1,4,3,2,0,0,3,6,5,1,1,4,1,5,9,0,9,9,2,2,1,1,5,1,1,2,4,1,2
"C[C>G]A",4,2,0,0,0,1,1,4,2,4,3,2,1,2,1,3,0,6,0,1,2,2,94,23,4,0,2,0,1,2,2,0,2,4,1,7,9,2,2,3,4,2,0,2,6,6,3,3,1,5,4,4,1,3,6,0,1,6,2,2,0,3,3,1,4,0,1,5,4,0,1,0,0,4,0,0,2,1,0,0,0,1,5,4,0,1,0,1,4,5,3,3,6,0,1,1,2,6,1,0,4,6,1,0
"C[C>G]C",3,3,0,0,0,1,2,2,0,1,3,3,4,6,0,2,0,6,1,0,1,1,67,7,2,2,5,0,0,4,7,0,0,2,1,5,7,1,6,2,3,0,4,3,4,4,3,7,2,3,0,2,1,4,2,3,4,2,2,2,3,5,3,0,5,1,0,5,6,0,2,1,4,3,1,0,0,1,1,0,0,0,1,4,0,1,1,0,4,1,1,6,11,0,3,2,0,2,0,1,4,2,1,0
"C[C>G]G",0,1,0,0,0,0,1,0,0,0,3,1,0,0,0,0,0,3,1,2,0,1,45,16,1,1,3,0,0,0,1,1,0,1,2,1,2,0,2,0,0,0,0,0,1,1,2,1,0,0,0,1,0,0,2,0,1,2,1,0,0,1,0,0,0,1,0,2,4,0,2,0,2,1,1,0,0,0,1,0,0,0,1,0,0,2,0,0,1,0,0,1,2,0,0,0,0,1,0,0,2,1,0,0
"C[C>G]T",6,2,0,0,0,3,2,2,2,0,6,4,3,6,2,1,0,9,0,1,4,5,71,15,5,0,6,0,3,6,6,1,1,0,3,12,10,3,6,4,1,2,1,2,7,8,6,1,2,3,1,3,3,0,7,1,1,5,1,0,3,5,4,0,3,0,3,5,6,1,2,1,0,10,1,0,0,0,4,0,0,1,6,5,0,1,1,0,4,4,1,4,10,1,4,1,0,2,0,0,4,4,0,1
"G[C>G]A",5,4,0,0,1,1,1,8,0,4,4,0,4,2,3,2,1,6,0,2,2,3,41,12,1,0,2,0,0,3,3,0,0,0,1,7,7,3,5,4,4,1,1,0,5,2,5,2,2,6,3,4,2,2,5,2,4,5,1,1,1,4,9,0,1,0,0,4,3,0,0,1,4,5,1,0,0,1,1,0,0,1,6,1,0,0,0,1,2,4,0,3,6,0,4,0,1,1,0,0,8,1,0,0
"G[C>G]C",1,3,1,0,0,0,1,0,0,2,0,2,5,0,0,0,1,4,0,1,1,1,23,5,3,1,2,0,1,0,0,0,2,1,1,9,3,1,4,2,6,0,1,1,6,2,3,2,0,2,1,1,3,0,2,5,5,1,0,5,0,1,2,0,2,0,1,1,2,1,1,0,1,5,0,0,0,0,0,0,0,1,5,3,1,0,0,1,2,1,1,2,6,1,1,0,0,1,0,1,3,1,0,3
"G[C>G]G",0,0,0,0,0,3,1,0,0,0,0,0,0,0,0,0,0,0,0,0,0,1,31,7,1,0,0,0,1,0,2,0,0,1,0,3,4,1,1,0,0,0,0,0,2,1,0,0,0,0,0,0,0,1,2,0,4,2,1,1,1,0,1,0,1,0,0,0,1,0,1,0,0,0,0,1,0,1,1,0,0,0,0,1,1,0,0,0,0,0,0,2,0,0,0,0,1,2,0,0,0,0,1,0
"G[C>G]T",3,2,1,0,0,1,1,5,0,2,1,2,2,3,3,1,0,7,1,4,2,1,29,10,1,0,2,0,3,2,2,0,2,2,1,5,7,0,8,2,1,1,0,1,5,3,2,1,0,1,2,4,0,2,3,8,7,1,0,0,5,2,6,0,2,0,1,3,7,0,4,1,3,8,0,0,1,1,2,1,2,0,5,2,0,0,0,0,4,3,0,3,6,0,2,1,0,2,1,1,4,3,0,0
"T[C>G]A",2,2,2,0,0,0,0,3,2,6,3,2,1,1,0,2,0,4,0,1,2,1,107,21,1,0,5,0,1,2,3,1,2,1,2,4,8,1,4,4,2,1,2,2,6,3,7,1,0,3,2,0,2,0,4,2,4,3,1,0,0,1,10,0,2,0,0,3,16,1,1,3,3,11,0,0,1,3,1,0,0,2,5,2,1,1,1,0,2,1,0,4,6,0,0,2,0,4,1,0,2,0,0,1
"T[C>G]C",4,2,1,0,0,2,1,5,1,3,2,2,4,3,3,1,0,3,1,2,0,1,72,24,2,3,5,1,4,3,3,1,0,2,0,10,7,0,8,2,4,0,2,1,2,4,3,0,0,3,1,3,1,2,7,3,3,7,1,1,3,5,2,0,1,0,1,4,4,1,1,1,4,4,1,0,1,1,1,0,0,0,6,3,1,1,1,1,3,5,0,2,4,0,2,0,1,6,0,0,3,4,0,0
"T[C>G]G",1,1,0,0,0,0,0,0,0,2,0,1,0,1,0,0,1,1,0,1,1,0,29,5,1,1,2,0,0,0,0,0,0,0,0,2,0,0,0,0,0,0,0,0,3,1,1,1,0,0,1,0,0,1,1,1,2,0,0,0,0,1,1,0,0,0,0,1,0,0,0,1,0,0,0,0,0,0,0,0,0,0,1,1,0,1,1,1,0,0,1,0,0,0,0,0,0,0,0,1,1,0,0,0
"T[C>G]T",4,2,2,0,0,0,3,5,1,3,5,4,0,3,2,4,0,12,3,7,3,6,89,21,4,0,10,1,2,1,7,2,2,1,2,9,10,1,8,6,9,2,2,0,15,5,9,5,1,4,6,5,2,9,5,2,8,1,1,1,1,2,13,1,1,0,1,14,21,5,3,4,6,20,2,0,0,1,2,1,1,2,8,2,3,1,4,1,6,6,4,12,14,3,1,5,4,11,0,2,14,2,1,5
"A[C>T]A",35,36,2,1,3,9,9,36,4,5,28,20,11,29,13,5,1,59,6,10,8,27,47,2,21,6,23,6,10,30,36,7,8,6,5,34,47,16,18,26,24,4,7,10,56,26,13,14,10,44,7,14,13,18,29,31,15,29,14,19,12,10,59,6,22,2,3,23,30,7,9,3,22,20,2,0,3,7,13,3,0,1,46,28,5,3,3,3,22,17,6,9,75,3,3,4,13,39,4,8,44,13,0,1
"A[C>T]C",14,11,0,0,1,2,6,17,1,1,21,9,8,18,14,4,3,30,1,5,9,9,22,0,13,4,11,2,7,21,21,3,3,2,2,29,24,8,14,17,17,4,2,9,34,12,13,9,5,21,5,10,2,7,23,14,7,11,9,6,5,10,26,1,5,1,2,25,21,0,7,3,19,13,1,0,7,9,8,2,1,0,23,13,2,6,4,0,11,5,5,11,47,4,0,4,2,19,0,2,23,10,3,1
"A[C>T]G",34,37,6,10,4,7,12,44,6,5,81,39,26,35,24,35,9,125,18,75,78,25,100,3,45,13,44,7,16,53,68,23,27,39,27,59,55,25,47,50,70,32,11,20,129,53,45,26,12,63,26,43,23,37,51,48,17,34,13,51,23,40,135,13,17,0,9,60,106,19,12,14,59,47,2,4,8,23,15,3,0,1,64,29,4,14,11,1,51,43,30,31,114,27,9,14,28,42,6,13,74,37,3,7
"A[C>T]T",19,15,3,1,0,1,3,23,4,4,28,10,7,20,12,5,4,40,2,6,8,12,45,2,11,5,20,1,2,25,30,7,8,7,6,37,42,13,20,21,25,5,5,9,37,28,9,20,5,19,13,14,8,6,25,23,6,15,4,9,16,14,53,2,6,0,6,37,22,6,1,5,21,7,2,2,6,5,11,7,0,0,39,13,2,5,3,1,21,18,6,7,37,4,1,4,5,29,4,8,37,8,3,3
"C[C>T]A",13,15,3,2,0,2,7,17,4,1,29,10,9,25,7,8,3,33,3,6,7,11,47,2,17,10,19,0,11,20,18,6,6,5,5,19,21,5,12,18,19,5,2,6,41,8,13,4,3,23,8,9,1,9,17,13,5,15,9,5,8,11,32,2,6,1,1,23,17,2,4,3,14,17,0,2,3,10,4,4,2,1,22,8,0,1,4,0,20,14,2,6,31,5,2,0,7,22,3,4,26,10,2,2
"C[C>T]C",23,30,2,0,1,3,5,24,4,3,16,14,8,20,12,4,1,40,1,7,11,9,31,0,18,5,19,3,6,23,16,4,6,6,11,32,39,9,18,14,20,5,5,7,34,25,16,6,5,27,8,10,6,8,26,11,5,15,5,15,4,11,46,6,8,1,0,37,24,2,9,3,16,12,0,2,9,8,3,2,0,0,28,8,2,4,2,0,20,24,2,11,42,2,1,3,6,13,0,3,25,11,1,4
"C[C>T]G",13,24,3,6,1,5,2,25,4,3,37,17,7,25,14,11,3,54,8,45,27,10,66,3,23,9,21,6,1,32,28,17,17,16,13,27,35,11,25,23,43,17,4,8,81,21,25,10,6,27,12,21,7,10,28,20,10,25,14,17,9,22,66,6,9,0,6,23,41,13,5,12,35,21,0,2,7,8,7,3,1,3,38,13,4,7,4,0,33,15,9,18,70,20,2,7,4,22,3,4,41,21,3,3
"C[C>T]T",32,37,6,3,1,3,6,45,5,3,37,16,11,33,16,2,1,68,5,17,11,27,69,1,31,8,29,0,17,41,31,3,8,6,13,45,57,11,24,30,24,5,10,12,48,30,24,9,7,51,11,21,8,16,32,17,10,17,7,9,19,16,60,0,6,1,7,57,36,8,16,4,34,21,2,6,8,13,7,5,0,3,47,20,2,9,8,0,32,28,7,11,68,3,5,2,14,38,1,7,42,22,3,3
"G[C>T]A",9,10,1,0,2,0,3,8,2,4,13,11,3,8,7,4,4,24,3,7,8,4,25,0,8,4,13,0,4,12,19,5,5,7,5,38,30,5,11,9,14,2,2,3,34,16,13,4,4,14,5,6,6,10,11,15,6,19,5,3,3,6,26,3,5,0,0,24,21,0,6,3,14,16,1,2,4,2,3,3,0,0,14,12,1,7,2,0,17,9,4,4,41,3,3,0,2,15,2,2,14,13,0,3
"G[C>T]C",15,25,0,3,1,3,2,14,1,1,29,21,6,26,10,8,2,44,4,6,13,4,26,0,14,4,17,0,8,21,21,9,5,10,12,32,29,11,18,17,23,5,2,6,43,18,19,3,7,19,8,19,5,10,16,11,6,10,9,13,4,12,47,2,1,0,0,41,18,1,5,0,25,11,0,1,3,10,2,3,1,0,18,10,1,5,3,0,24,17,3,11,31,1,2,1,11,20,2,3,27,10,0,3
"G[C>T]G",13,35,5,7,5,3,3,21,6,2,59,14,12,21,15,19,5,73,14,32,31,9,42,4,20,16,20,4,6,21,36,14,22,15,15,36,27,7,17,35,45,18,6,10,80,28,27,12,4,23,9,30,13,17,43,36,14,23,13,18,7,20,90,6,11,1,1,31,50,11,6,8,27,19,3,2,4,15,13,2,1,0,41,8,3,6,4,0,32,27,14,13,67,17,5,6,13,23,4,5,26,19,4,7
"G[C>T]T",20,42,5,2,2,3,5,25,7,3,32,11,22,29,6,8,2,53,1,8,15,14,40,1,17,9,15,4,10,32,24,6,5,9,20,59,49,16,26,19,22,4,7,10,50,31,18,3,3,37,6,13,3,12,30,14,5,22,13,16,8,20,63,1,12,0,1,48,27,1,7,2,21,25,1,2,5,10,4,5,1,1,38,11,5,6,5,1,26,11,8,8,57,1,2,3,13,38,3,6,34,25,4,3
"T[C>T]A",8,7,0,1,0,1,4,9,2,1,16,10,9,10,5,1,3,20,2,6,8,5,20,2,7,4,12,0,5,16,16,2,2,3,2,17,17,1,10,8,14,5,2,4,19,5,5,3,3,13,3,7,3,4,13,8,7,7,4,7,1,8,25,3,7,0,1,17,16,2,1,4,14,7,0,2,3,4,1,3,1,0,6,3,0,1,1,1,11,3,5,7,25,2,0,0,2,8,1,5,11,5,1,1
"T[C>T]C",16,17,2,2,0,2,3,10,4,2,20,7,10,8,9,7,1,26,2,8,11,6,28,2,11,2,20,5,6,7,16,5,4,5,5,25,25,12,14,11,14,11,5,7,24,24,16,3,3,18,7,15,5,10,20,13,8,12,8,10,6,9,23,1,2,0,2,15,20,5,0,2,15,11,1,0,0,4,4,1,0,0,17,11,2,3,3,0,17,13,7,7,24,1,2,0,2,13,3,4,28,11,1,5
"T[C>T]G",17,23,4,2,1,4,6,23,2,1,29,13,10,18,6,12,3,44,4,31,21,13,61,5,12,1,16,2,4,12,21,8,5,18,9,15,15,15,10,25,32,18,3,9,55,12,31,9,3,22,10,26,13,13,25,11,7,19,9,21,11,10,52,11,11,0,1,19,34,3,6,9,22,17,1,3,2,6,5,2,0,2,21,6,5,8,5,0,19,18,8,10,44,12,2,7,6,15,9,5,25,12,4,3
"T[C>T]T",12,15,0,1,0,3,1,13,3,6,15,8,13,10,6,6,1,32,0,6,6,5,41,3,13,3,22,1,3,20,18,6,6,6,4,22,32,5,15,10,9,4,1,2,27,18,11,5,5,20,4,6,5,5,27,12,12,12,6,8,5,5,33,0,7,2,2,24,20,4,8,1,14,9,1,3,3,5,9,2,2,0,23,2,1,6,3,0,11,8,8,8,36,2,0,3,5,16,0,2,24,12,4,1
"A[T>A]A",4,1,2,1,0,2,5,7,0,6,8,4,11,0,2,1,3,7,1,1,5,3,37,8,7,2,10,0,0,3,2,1,0,4,3,11,15,3,14,6,5,0,3,2,10,7,11,4,1,5,6,0,2,4,7,2,16,4,1,6,3,2,7,0,3,1,2,5,20,3,4,4,5,6,1,0,0,1,0,2,0,1,11,6,3,4,3,2,3,10,3,23,15,0,1,3,2,2,1,3,6,3,1,3
"A[T>A]C",3,6,1,0,1,1,3,6,3,6,4,5,8,6,4,3,1,9,1,2,5,0,23,0,4,4,10,0,3,1,5,2,4,6,1,17,9,5,11,9,5,1,4,3,9,7,7,5,2,12,7,5,5,3,6,9,5,6,3,3,1,5,14,2,3,1,0,6,8,0,4,1,5,6,0,0,3,1,1,0,0,1,7,2,1,1,2,1,5,3,4,9,16,1,1,0,3,6,1,2,9,3,1,2
"A[T>A]G",5,4,1,0,0,0,1,6,2,3,3,3,5,5,7,6,1,8,1,1,4,5,13,1,5,3,11,0,1,5,4,3,2,1,1,11,10,7,6,4,2,3,4,3,13,7,10,2,1,9,3,2,2,8,5,8,8,1,4,2,4,8,7,1,6,0,0,10,6,1,0,0,3,2,1,1,0,1,1,0,1,0,6,5,2,2,0,0,2,5,2,6,9,0,1,2,1,4,0,1,7,7,0,1
"A[T>A]T",4,5,6,0,0,2,3,6,1,4,6,7,8,4,5,1,1,10,1,8,12,2,33,5,0,0,14,0,2,10,8,3,5,8,0,14,11,3,12,4,10,5,8,1,16,8,14,5,1,9,5,4,2,7,6,7,11,10,1,3,5,10,15,1,6,2,4,5,21,3,7,9,4,7,3,1,0,6,1,0,0,3,9,8,3,1,1,0,6,14,5,12,7,0,1,1,1,3,1,4,4,8,4,4
"C[T>A]A",3,2,0,0,0,0,0,2,1,3,2,0,2,1,2,3,0,6,0,0,3,3,21,0,5,0,3,0,3,4,1,2,0,1,2,12,3,2,6,0,6,2,0,0,6,3,4,0,2,4,7,2,1,1,2,0,8,3,1,3,1,0,7,1,4,0,1,3,13,2,1,2,0,5,3,0,1,2,0,0,0,1,4,2,0,1,1,0,0,0,1,16,6,0,1,1,1,3,0,1,1,2,0,0
"C[T>A]C",1,2,1,1,0,1,1,2,1,0,4,1,2,5,0,1,0,1,1,1,1,1,10,1,0,0,7,0,4,2,2,1,3,0,1,9,6,3,5,2,7,1,0,1,2,9,5,1,0,5,1,2,3,0,6,2,4,3,0,0,1,0,3,0,3,2,1,6,5,3,1,0,4,2,0,0,1,1,1,0,0,0,5,1,1,1,2,0,7,5,1,2,2,1,1,1,1,2,0,0,7,4,2,0
"C[T>A]G",2,2,2,0,1,3,0,2,0,2,4,2,2,2,3,0,4,7,0,2,2,1,15,1,2,0,5,0,1,2,3,2,0,6,0,7,8,5,7,0,4,0,2,1,13,4,4,2,0,5,0,1,2,2,3,4,3,0,0,3,1,2,9,0,3,1,0,3,9,0,1,0,4,4,1,0,2,1,1,0,0,0,8,7,0,0,0,0,2,1,2,5,8,0,1,1,1,7,1,0,5,1,0,0
"C[T>A]T",0,5,0,0,0,2,1,2,1,4,4,0,4,4,2,1,2,5,1,5,4,4,21,2,1,2,6,0,0,3,6,1,1,3,1,3,9,3,8,8,4,1,0,3,4,8,9,2,0,6,2,7,2,4,7,2,10,2,1,1,1,1,6,0,2,0,1,9,5,0,1,0,7,7,0,1,0,4,2,1,1,0,4,0,0,0,3,0,4,5,2,7,9,3,3,2,0,3,1,1,4,2,2,0
"G[T>A]A",2,1,2,0,1,2,0,0,0,3,2,1,1,2,0,0,2,3,0,1,0,0,5,1,3,0,2,0,2,3,3,0,0,6,2,7,10,2,4,4,0,0,0,2,6,2,2,1,0,1,3,1,0,0,8,0,9,3,0,0,1,1,1,1,0,0,0,2,3,1,1,0,2,1,0,0,0,2,0,0,0,1,0,2,0,0,2,0,5,1,1,4,2,0,0,1,0,1,0,0,1,0,0,0
"G[T>A]C",3,1,0,0,0,1,0,3,0,5,6,1,0,2,2,0,0,1,2,1,1,0,6,1,0,1,3,0,1,1,1,0,1,0,1,8,3,1,4,3,1,1,1,2,7,2,3,1,1,4,2,1,1,3,0,0,4,1,1,0,0,3,5,0,0,0,0,5,2,2,1,1,1,5,0,0,1,0,1,1,0,0,3,0,0,0,0,0,2,1,1,2,6,1,0,1,2,1,1,0,6,2,0,0
"G[T>A]G",5,2,1,0,0,1,1,2,1,5,2,0,3,3,1,0,1,2,0,0,4,1,3,0,3,2,4,1,1,2,4,0,1,3,0,4,5,4,4,2,5,0,1,0,12,5,4,2,0,2,2,2,0,2,2,3,6,1,1,2,8,2,3,0,3,0,0,3,1,0,1,1,3,1,0,1,0,2,2,0,0,0,6,2,1,0,1,0,2,4,2,2,7,1,0,1,0,2,0,0,2,1,2,0
"G[T>A]T",3,1,1,0,0,0,0,5,1,2,3,8,2,0,2,0,1,7,0,3,2,3,13,0,4,0,4,1,5,2,1,1,1,4,4,7,12,0,8,1,4,1,0,0,9,3,3,2,0,5,1,4,0,4,4,3,5,2,2,0,3,5,5,0,1,0,0,4,3,1,3,0,2,1,1,0,0,2,1,0,0,0,10,4,0,2,3,0,2,2,1,1,7,1,5,0,0,3,0,0,6,2,0,0
"T[T>A]A",3,3,3,0,0,3,5,5,2,5,8,1,5,4,2,2,0,8,1,1,3,3,21,2,2,2,13,1,0,10,4,2,2,7,3,4,9,3,10,3,3,0,5,3,22,9,19,1,1,9,6,0,0,5,5,7,10,5,1,8,3,9,7,2,6,1,2,3,35,2,1,11,1,20,7,0,0,3,1,1,2,2,4,7,3,3,1,0,2,11,4,39,5,3,2,5,3,6,0,0,1,1,3,4
"T[T>A]C",2,1,0,1,0,0,2,0,2,2,2,2,3,3,1,1,0,8,0,3,3,1,26,1,0,2,5,0,1,1,2,1,2,1,2,7,3,1,2,5,6,2,0,1,8,4,3,3,2,3,3,4,3,2,2,1,1,2,3,2,3,4,7,0,0,0,0,6,8,1,1,1,1,1,0,0,1,1,1,0,0,0,2,0,1,2,1,0,2,4,1,1,1,2,0,0,1,1,1,1,3,3,0,0
"T[T>A]G",1,5,2,0,0,0,2,1,0,1,1,3,3,2,1,2,0,6,0,0,2,2,9,3,1,1,1,1,1,1,2,0,2,4,2,5,7,0,3,4,1,1,0,1,7,5,2,1,0,0,1,1,0,2,3,4,4,4,0,1,0,2,4,0,2,0,0,3,8,3,0,3,3,5,3,0,0,1,2,0,1,0,2,0,0,0,0,1,4,4,1,9,5,0,0,1,1,7,0,2,4,4,0,2
"T[T>A]T",2,6,4,0,1,1,1,4,0,5,4,4,8,8,2,3,2,10,0,8,6,8,32,7,6,2,10,2,1,8,6,2,2,10,5,6,10,4,7,4,5,3,5,4,10,6,14,6,1,9,5,5,6,5,17,11,10,4,1,2,3,4,8,1,6,1,1,7,22,4,0,5,1,18,1,0,1,3,0,1,1,2,3,3,1,1,1,0,3,7,5,21,20,3,2,7,3,6,0,2,7,4,2,4
"A[T>C]A",12,18,2,1,0,4,6,17,0,16,17,9,15,15,8,4,2,31,3,9,4,19,32,6,6,5,11,1,11,17,22,1,5,9,8,15,33,7,10,18,20,9,4,5,38,18,15,8,4,17,3,9,4,12,26,14,17,14,6,5,4,14,32,0,8,2,1,19,25,8,10,4,21,7,2,3,2,7,6,2,2,0,14,13,0,3,4,0,13,10,6,15,30,7,4,2,5,22,0,8,18,7,1,4
"A[T>C]C",5,3,3,0,0,0,1,10,0,7,9,0,2,5,4,1,2,8,1,2,4,7,16,0,3,1,7,0,2,7,4,1,1,3,1,5,11,3,5,4,5,3,0,1,8,8,5,1,0,7,2,5,2,6,5,2,7,4,3,3,1,5,13,0,3,1,1,10,10,0,3,3,1,3,2,1,0,2,3,1,1,0,6,4,1,4,0,1,5,9,2,9,19,0,0,0,1,5,2,0,12,4,1,3
"A[T>C]G",13,16,1,0,0,3,6,10,2,10,9,8,11,15,2,5,1,16,1,7,10,15,30,3,8,5,15,3,7,9,13,1,1,4,7,14,15,3,4,18,14,6,3,3,23,15,9,5,2,20,4,3,7,11,11,10,8,11,5,10,3,14,24,4,7,1,1,23,16,4,5,4,15,9,1,0,3,5,6,2,0,0,15,9,0,3,7,0,8,8,6,9,30,3,1,4,6,14,3,6,20,6,1,3
"A[T>C]T",19,23,1,1,1,1,4,28,2,9,23,11,12,19,5,7,3,31,3,12,10,12,39,3,16,5,17,1,7,15,21,4,9,7,3,21,32,9,11,15,25,4,2,6,43,22,13,12,4,24,7,13,5,9,24,12,8,15,6,8,12,11,36,1,9,0,1,21,26,3,11,6,23,18,0,0,5,11,6,3,0,0,23,13,3,4,6,1,15,17,5,11,34,4,8,4,1,16,2,4,22,11,2,1
"C[T>C]A",5,6,1,0,1,2,1,7,1,8,4,4,3,7,4,1,0,6,1,2,8,3,11,0,5,2,11,1,2,7,5,2,0,2,5,10,8,3,9,3,5,2,1,1,15,7,1,6,2,11,3,5,2,2,2,5,12,6,3,3,1,4,9,1,7,0,2,6,12,0,1,0,2,4,0,1,3,5,2,1,0,0,11,5,1,1,2,0,7,5,1,6,13,2,3,1,1,8,0,1,11,2,1,0
"C[T>C]C",4,1,1,1,0,1,2,6,1,4,8,2,4,8,0,0,2,9,2,3,4,2,19,0,3,1,3,0,2,8,7,3,1,2,5,7,13,3,4,4,6,0,3,1,15,6,8,3,1,3,1,4,1,3,6,3,9,2,1,4,3,2,11,0,2,0,0,7,8,3,3,3,7,6,1,0,0,3,1,2,0,2,5,3,1,0,2,0,5,2,2,3,7,1,1,1,1,5,0,0,11,2,2,0
"C[T>C]G",3,6,2,1,0,0,2,5,1,5,7,2,2,8,3,2,3,16,0,2,1,1,19,1,7,2,8,0,1,5,11,1,1,3,5,15,10,3,8,14,9,1,3,1,15,8,12,2,2,9,1,5,2,3,12,7,4,3,2,1,3,5,11,0,7,1,0,6,16,0,2,0,6,8,1,0,0,2,2,0,0,2,9,9,0,3,3,0,4,3,1,9,19,1,1,2,3,6,1,2,9,3,1,0
"C[T>C]T",6,7,0,0,0,0,3,5,1,9,11,7,7,11,4,1,5,9,1,1,3,5,10,0,8,5,8,0,2,7,7,2,1,2,3,9,17,4,6,10,5,3,1,1,6,10,12,5,2,10,1,3,1,3,11,8,16,4,4,5,3,3,13,3,9,2,0,7,9,2,5,1,8,5,1,0,2,2,1,0,0,0,13,5,0,7,2,0,5,9,6,3,22,2,1,2,4,9,3,1,5,1,2,1
"G[T>C]A",5,2,0,0,0,0,0,3,0,4,7,3,7,6,1,2,1,11,0,2,2,3,13,3,2,1,6,1,2,2,9,2,2,6,2,14,11,3,6,4,5,3,3,3,15,9,7,3,3,2,3,4,2,3,8,7,6,3,0,2,3,2,13,0,2,0,1,7,4,1,0,1,8,3,0,1,1,2,2,1,0,1,5,2,0,2,1,1,5,2,3,7,15,0,0,0,4,6,0,1,10,3,0,1
"G[T>C]C",4,11,1,0,0,2,2,6,0,4,12,3,3,4,0,1,0,2,0,3,3,1,10,2,4,0,4,0,3,3,5,0,1,2,0,7,3,1,2,6,7,3,2,1,8,8,5,2,0,7,4,2,2,2,5,2,7,3,1,0,1,1,9,1,4,0,2,6,5,1,1,1,3,3,0,2,2,0,0,1,0,0,5,1,0,1,2,0,1,0,1,3,12,1,0,0,0,2,0,0,0,3,1,0
"G[T>C]G",6,8,1,2,0,0,1,8,0,5,5,4,2,6,3,0,0,15,0,0,0,6,5,2,3,1,3,0,2,5,3,2,2,4,0,9,6,3,9,10,5,2,1,2,16,6,4,2,1,7,2,3,1,3,4,5,5,3,1,1,3,2,17,1,2,0,0,4,5,0,4,0,8,3,0,0,1,2,1,0,0,2,5,5,2,2,1,0,6,1,0,8,12,0,0,1,1,5,1,3,6,2,1,3
"G[T>C]T",11,10,1,0,0,1,1,10,0,4,7,3,4,5,4,4,1,13,2,2,4,5,24,0,8,1,4,3,4,15,6,1,3,2,2,23,21,3,7,11,12,4,1,6,11,5,15,4,1,8,7,5,1,7,16,7,7,3,4,5,2,4,16,0,3,0,0,15,10,1,3,0,10,7,1,1,4,3,2,2,0,1,5,10,1,3,5,0,4,4,5,5,15,2,0,0,4,12,1,1,11,1,0,2
"T[T>C]A",1,7,1,0,1,0,0,9,0,9,6,2,5,7,2,1,0,10,0,4,2,4,14,1,4,1,4,0,5,8,7,2,2,4,2,11,11,2,12,9,8,0,4,2,22,10,11,8,2,10,3,7,1,2,4,8,5,4,5,6,3,4,13,1,5,1,1,5,9,0,5,2,7,7,0,0,3,2,3,1,0,1,14,3,0,0,1,0,3,1,5,5,10,1,1,3,0,8,1,1,9,5,0,1
"T[T>C]C",2,5,2,0,1,2,3,4,0,9,6,3,1,6,3,0,1,11,2,2,1,3,11,3,0,0,1,0,3,8,13,1,0,2,2,12,9,2,8,4,6,2,3,0,4,1,6,6,1,5,2,4,2,3,8,4,7,3,4,4,4,3,8,1,3,0,0,2,6,0,1,1,5,4,0,1,1,2,2,0,2,0,5,5,2,2,1,0,7,5,0,2,19,0,1,3,2,0,0,1,6,3,0,1
"T[T>C]G",4,4,1,0,1,0,2,9,1,8,4,1,1,3,0,2,1,6,0,3,3,2,9,0,4,2,7,0,0,11,7,2,2,3,1,6,7,0,8,5,3,2,1,4,14,3,3,4,1,2,0,6,1,4,2,3,4,3,2,5,3,2,7,1,1,0,1,4,7,1,3,2,6,4,0,0,3,0,0,0,0,0,9,2,1,1,1,0,2,4,1,4,8,1,0,0,1,9,0,2,5,1,2,3
"T[T>C]T",12,11,2,0,0,3,4,15,1,11,10,6,13,20,2,3,1,13,2,4,9,4,29,4,6,6,8,2,4,14,9,8,5,2,5,16,28,3,13,10,15,8,5,2,24,11,14,10,3,11,6,7,2,8,12,9,11,8,4,7,5,6,28,1,6,1,2,10,15,4,3,4,11,6,2,1,2,5,8,3,0,2,20,6,4,3,2,0,10,6,5,9,22,2,4,4,4,10,2,4,11,4,2,1
"A[T>G]A",3,5,3,0,0,1,3,1,0,5,4,1,2,4,2,1,0,6,2,2,0,4,15,1,0,0,6,0,0,4,4,1,0,0,1,4,3,0,3,3,1,1,0,0,11,7,4,2,0,6,3,2,0,3,2,8,8,2,0,1,1,4,4,0,2,0,1,3,23,4,2,2,5,12,1,0,0,1,0,0,0,0,5,1,1,0,1,0,2,4,2,13,3,4,0,4,0,1,0,2,3,1,0,4
"A[T>G]C",0,1,1,0,0,0,0,0,0,3,3,1,3,1,2,1,0,2,0,0,1,0,0,0,2,0,0,0,0,2,2,0,0,3,1,3,2,0,0,2,0,0,0,0,2,0,0,0,0,0,0,1,0,1,0,1,6,1,0,0,0,1,1,0,1,0,0,3,5,0,1,0,0,0,0,0,0,0,0,0,0,0,0,1,0,1,2,0,0,2,0,0,3,1,0,0,1,0,2,1,0,2,0,2
"A[T>G]G",3,0,0,0,0,2,3,5,1,2,3,2,6,6,2,0,0,3,1,0,1,5,11,0,2,2,4,2,1,4,3,1,0,0,1,3,10,1,7,1,5,1,1,3,5,3,3,3,0,7,2,2,2,4,2,4,10,1,0,2,2,0,9,0,3,0,1,6,6,1,2,3,1,2,1,0,0,3,1,0,1,0,5,1,1,1,2,0,1,3,2,3,6,1,3,0,2,3,0,0,2,4,0,2
"A[T>G]T",6,3,2,1,0,0,3,4,0,3,2,0,7,7,2,2,0,3,0,5,2,0,21,0,2,2,4,0,2,1,2,0,1,3,2,2,7,3,3,3,0,2,0,1,7,6,2,1,1,6,2,1,0,1,2,2,10,1,0,2,1,0,6,0,4,0,1,3,4,1,0,4,2,9,0,0,0,1,1,1,1,0,4,1,0,0,2,1,0,3,1,2,5,3,1,0,0,1,1,0,3,0,2,1
"C[T>G]A",1,1,0,0,0,0,0,2,0,2,1,0,3,4,0,2,0,1,1,0,1,0,5,2,0,1,3,0,0,1,2,0,0,2,2,2,5,2,6,2,1,0,0,1,3,3,6,1,0,1,0,1,2,2,1,2,3,0,3,1,1,2,2,0,2,0,0,1,15,1,1,2,0,4,0,0,0,0,0,0,0,0,0,0,0,0,1,0,2,2,0,8,4,1,0,3,0,3,0,0,1,0,0,1
"C[T>G]C",0,4,2,0,0,0,0,2,0,2,2,1,2,3,2,1,0,0,0,0,0,0,5,3,3,1,2,0,1,5,2,1,1,2,1,4,2,0,1,3,0,0,1,1,3,1,1,0,0,2,3,0,0,1,2,1,2,1,0,0,1,1,4,0,1,0,0,2,4,1,1,1,0,0,0,0,2,0,0,0,1,1,2,2,0,0,1,1,2,4,1,0,4,0,0,0,1,3,0,2,1,2,0,0
"C[T>G]G",2,3,2,1,0,0,0,1,0,5,3,4,2,5,3,0,0,3,0,0,1,1,6,0,2,2,3,1,1,4,2,0,2,3,2,3,8,2,6,2,5,1,1,0,1,4,1,1,2,2,2,3,0,2,3,2,0,1,1,2,2,2,4,0,1,0,0,1,8,0,2,0,3,1,1,0,0,1,1,0,1,1,2,3,0,1,0,0,4,2,2,5,5,0,0,2,1,5,0,2,1,0,1,0
"C[T>G]T",2,2,0,0,0,0,2,6,0,4,4,4,2,0,1,2,0,3,0,3,1,1,7,1,0,2,4,0,2,2,1,2,0,0,3,3,4,2,2,4,5,0,0,2,7,3,5,1,0,1,3,1,1,2,4,4,3,1,2,1,1,2,5,2,1,0,1,3,4,1,2,2,2,3,1,0,0,0,2,1,0,1,8,1,0,1,0,0,0,2,1,7,5,0,4,5,1,3,1,1,5,2,0,0
"G[T>G]A",1,1,0,0,0,0,1,2,0,1,4,0,1,1,1,1,0,1,0,0,1,0,4,1,1,0,3,0,2,2,1,0,0,0,2,2,1,1,2,0,1,1,1,0,2,4,1,2,0,1,0,0,1,1,0,1,4,1,4,0,1,2,1,0,1,0,0,0,1,0,1,0,0,0,0,1,0,3,0,0,0,0,0,0,1,1,0,0,1,3,0,0,3,0,0,1,1,2,0,0,1,1,0,0
"G[T>G]C",0,0,0,0,0,1,0,1,0,4,2,0,0,0,0,0,1,1,0,0,0,0,2,0,1,0,1,0,0,1,1,1,0,0,0,3,1,0,1,1,1,0,1,0,1,1,2,1,0,0,0,0,0,1,0,0,7,0,0,1,0,2,1,0,0,0,0,0,4,0,0,0,0,1,0,0,0,0,1,0,0,0,1,0,0,1,1,0,2,0,1,2,0,0,0,0,0,2,0,0,3,0,0,2
"G[T>G]G",2,1,1,0,0,0,0,2,0,0,4,2,3,1,1,1,0,9,1,0,1,1,3,0,4,0,2,0,0,3,2,0,1,1,0,0,5,1,2,3,2,1,0,0,4,1,4,0,0,5,1,1,1,3,3,2,3,4,2,1,2,4,1,0,2,0,1,2,7,0,0,1,4,1,0,0,1,0,1,0,0,0,1,0,0,1,1,0,1,2,0,0,5,2,0,1,0,4,0,2,2,0,1,1
"G[T>G]T",1,1,2,0,0,0,0,2,1,5,3,1,2,0,0,0,0,2,0,0,4,0,5,0,0,0,2,0,3,4,3,0,0,2,0,2,5,0,1,1,1,1,1,2,3,2,3,4,0,2,1,2,0,0,0,0,8,0,0,1,0,2,2,0,1,1,1,2,2,0,0,1,1,2,2,0,0,1,1,2,2,3,1,1,0,2,0,1,1,2,0,1,4,0,3,2,0,2,0,2,1,1,0,2
"T[T>G]A",2,1,1,0,0,1,0,3,1,6,3,3,3,3,1,4,4,2,0,2,2,3,18,3,0,0,8,0,1,0,1,0,1,1,1,4,7,1,8,4,3,1,0,4,30,18,15,2,1,3,6,1,3,2,2,5,11,0,0,0,0,6,5,6,2,0,0,1,69,11,2,16,2,44,15,0,0,5,1,1,1,1,2,1,1,2,0,1,2,6,2,35,6,2,0,11,0,1,0,0,0,3,0,5
"T[T>G]C",2,3,0,1,0,0,1,5,0,2,1,3,1,3,1,0,1,6,1,1,2,1,3,3,0,0,1,0,0,1,2,0,1,3,1,4,4,1,1,2,2,0,1,0,6,1,2,2,0,2,1,1,0,1,2,2,11,1,0,1,0,1,3,0,0,0,0,5,2,0,2,0,1,1,0,0,0,3,1,0,0,1,2,0,1,0,0,0,0,5,0,1,3,0,1,0,1,3,0,0,2,1,0,0
"T[T>G]G",2,4,2,0,0,0,1,3,0,8,2,2,6,3,2,2,1,4,0,5,3,1,11,0,0,1,5,0,0,4,4,0,0,6,1,2,5,3,2,1,5,2,0,3,2,3,2,3,2,5,0,2,1,3,6,6,16,3,2,1,1,3,2,0,2,1,1,2,8,2,1,3,3,4,0,1,1,3,3,1,1,0,2,1,1,1,2,0,2,1,1,5,3,1,2,1,2,1,0,2,3,2,1,0
"T[T>G]T",3,5,2,0,0,0,0,8,0,10,2,4,4,5,3,2,4,15,2,6,7,4,15,1,3,2,8,0,2,4,4,1,0,4,2,7,10,2,13,5,4,2,6,4,10,10,18,4,1,5,3,2,0,7,7,7,18,3,0,3,3,5,10,2,0,0,5,5,25,6,1,5,6,14,2,0,1,1,3,1,1,0,6,3,1,2,1,2,6,7,4,18,8,6,9,5,2,6,1,0,4,5,3,4
